{
	"pages": [ //pages数组中第一项表示应用启动页，参考：https://uniapp.dcloud.io/collocation/pages

		{
			"path": "pages/device/device",
			"style": {
				"navigationBarTitleText": "Device",
				"enablePullDownRefresh": false
			}
		},
		{
			"path": "pages/User/User",
			"style": {
				"navigationBarTitleText": "User",
				"enablePullDownRefresh": false
			}
		},
		{
			"path": "pages/Fig/Fig",
			"style": {
				"navigationBarTitleText": "Figure",
				"enablePullDownRefresh": false
			}
		}, {
			"path": "pages/index/index",
			"style": {
				"navigationBarTitleText": "uni-app"
			}
		},
		{
			"path" : "pages/readfile/readfile",
			"style" : 
			{
				"navigationBarTitleText" : "readfile",
				"enablePullDownRefresh" : false
			}
		},
		{
			"path" : "pages/BTservice/BTservice",
			"style" : 
			{
				"navigationBarTitleText" : "BT service",
				"enablePullDownRefresh" : false
			}
		},
		{
			"path" : "pages/userlist/userlist",
			"style" : 
			{
				"navigationBarTitleText" : "Userlist",
				"enablePullDownRefresh" : false
			}
		},
		{
			"path" : "pages/CGMsetting/CGMsetting",
			"style" : 
			{
				"navigationBarTitleText" : "System Setting",
				"enablePullDownRefresh" : false
			}
		},
		{
			"path" : "pages/Circlesetting/Circlesetting",
			"style" : 
			{
				"navigationBarTitleText" : "Strategy Setting",
				"enablePullDownRefresh" : false
			}
		},
		{
			"path" : "pages/bloodtest/bloodtest",
			"style" : 
			{
				"navigationBarTitleText" : "Bloodtest",
				"enablePullDownRefresh" : false
			}
		},
		{
			"path" : "pages/linechart/linechart",
			"style" : 
			{
				"navigationBarTitleText" : "Linechart",
				"enablePullDownRefresh" : false
			}
		},
		{
			"path" : "pages/BT/BT",
			"style" : 
			{
				"navigationBarTitleText" : "BlueTooth",
				"enablePullDownRefresh" : false
			}
		},
		{
			"path" : "pages/BTlog/BTlog",
			"style" : 
			{
				"navigationBarTitleText" : "BTlog",
				"enablePullDownRefresh" : false
			}
		},
		{
			"path" : "pages/piechart/piechart",
			"style" : 
			{
				"navigationBarTitleText" : "Piechart",
				"enablePullDownRefresh" : false
			}
		}
	],
	"globalStyle": {
		"navigationBarTextStyle": "white",
		"navigationBarTitleText": "PKU-CGM",
		"navigationBarBackgroundColor": "#aa0000",
		"backgroundColor": "#ffffff"
	},
	"uniIdRouter": {},
	"tabBar": {
		"color": "#7A7E83",
		"selectedColor": "#ee1f2d",
		"borderStyle": "black",
		"backgroundColor": "#ffffff",
		"list": [{
			"pagePath": "pages/device/device",
			"iconPath": "static/toolbar/BT.png",
			"selectedIconPath": "static/toolbar/BT_HI.png",
			"text": "BlueTooth"
		}, {
			"pagePath": "pages/Fig/Fig",
			"iconPath": "static/toolbar/Fig.png",
			"selectedIconPath": "static/toolbar/Fig_HI.png",
			"text": "Chart"
		}, {
			"pagePath": "pages/User/User",
			"iconPath": "static/toolbar/User.png",
			"selectedIconPath": "static/toolbar/User_HI.png",
			"text": "User"
		}]
	}

}